"Collar","Sample ID","Geol_From","Geol_To","Thickness","Chk","Comments","Lab","Dispatch_ID","Lab_Certificate","Dispatch_Date","Drill_Sample_Type","Sample_Mass","Sampler","Samp_Date","Ag_ppm_Ag-AA61","Ag_ppm_ME-MS61","Al_%_ME-MS61","As_ppm_ME-MS61","Au_ppm_Au-AA24","Ba_ppm_ME-MS61","Be_ppm_ME-MS61","Bi_ppm_ME-MS61","Ca_%_ME-MS61","Cd_ppm_ME-MS61","Ce_ppm_ME-MS61","Co_ppm_ME-MS61","Cr_ppm_ME-MS61","Cs_ppm_ME-MS61","Cu_ppm_ME-MS61","Fe_%_ME-MS61","Ga_ppm_ME-MS61","Ge_ppm_ME-MS61","Hf_ppm_ME-MS61","In_ppm_ME-MS61","K_%_ME-MS61","La_ppm_ME-MS61","Li_ppm_ME-MS61","Mg_%_ME-MS61","Mn_ppm_ME-MS61","Mo_ppm_ME-MS61","Na_%_ME-MS61","Nb_ppm_ME-MS61","Ni_ppm_ME-MS61","P_ppm_ME-MS61","Pb_ppm_ME-MS61","Rb_ppm_ME-MS61","Re_ppm_ME-MS61","RecvdWt_kg_WEI-21","S_%_ME-MS61","Sb_ppm_ME-MS61","Sc_ppm_ME-MS61","Se_ppm_ME-MS61","Sn_ppm_ME-MS61","Sr_ppm_ME-MS61","Ta_ppm_ME-MS61","Te_ppm_ME-MS61","Th_ppm_ME-MS61","Ti_%_ME-MS61","Tl_ppm_ME-MS61","U_ppm_ME-MS61","V_ppm_ME-MS61","W_ppm_ME-MS61","Y_ppm_ME-MS61","Zn_ppm_ME-MS61","Zr_ppm_ME-MS61"
"EVE-20-01","779202","0","2.2","2.2","0","","ALS","EVE2001_Batch_001","HE20068262 - Finalized","22/03/2020","Core_HalfSawn","3.025","Aristeo.Nuñez","09/03/2020","0.25","No data","No data","No data","0.005","No data","No data","No data","No data","No data","No data","No data","No data","No data","No data","No data","No data","No data","No data","No data","No data","No data","No data","No data","No data","No data","No data","No data","No data","No data","No data","No data","No data","3.03","No data","No data","No data","No data","No data","No data","No data","No data","No data","No data","No data","No data","No data","No data","No data","No data","No data"
"EVE-20-01","779203","2.2","3.7","1.5","0","","ALS","EVE2001_Batch_001","HE20068262 - Finalized","22/03/2020","Core_HalfSawn","2.12","Aristeo.Nuñez","09/03/2020","0.25","No data","No data","No data","0.0025","No data","No data","No data","No data","No data","No data","No data","No data","No data","No data","No data","No data","No data","No data","No data","No data","No data","No data","No data","No data","No data","No data","No data","No data","No data","No data","No data","No data","2.12","No data","No data","No data","No data","No data","No data","No data","No data","No data","No data","No data","No data","No data","No data","No data","No data","No data"
"EVE-20-01","779204","3.7","5.2","1.5","0","","ALS","EVE2001_Batch_001","HE20068262 - Finalized","22/03/2020","Core_HalfSawn","2.155","Aristeo.Nuñez","09/03/2020","0.6","No data","No data","No data","0.0025","No data","No data","No data","No data","No data","No data","No data","No data","No data","No data","No data","No data","No data","No data","No data","No data","No data","No data","No data","No data","No data","No data","No data","No data","No data","No data","No data","No data","2.16","No data","No data","No data","No data","No data","No data","No data","No data","No data","No data","No data","No data","No data","No data","No data","No data","No data"
"EVE-20-01","779205","5.2","6.5","1.3","0","","ALS","EVE2001_Batch_001","HE20068262 - Finalized","22/03/2020","Core_HalfSawn","3.97","Aristeo.Nuñez","09/03/2020","0.25","No data","No data","No data","0.0025","No data","No data","No data","No data","No data","No data","No data","No data","No data","No data","No data","No data","No data","No data","No data","No data","No data","No data","No data","No data","No data","No data","No data","No data","No data","No data","No data","No data","3.97","No data","No data","No data","No data","No data","No data","No data","No data","No data","No data","No data","No data","No data","No data","No data","No data","No data"
"EVE-20-01","779206","6.5","7.8","1.3","0","","ALS","EVE2001_Batch_001","HE20068262 - Finalized","22/03/2020","Core_HalfSawn","2.96","Aristeo.Nuñez","09/03/2020","0.25","No data","No data","No data","0.010","No data","No data","No data","No data","No data","No data","No data","No data","No data","No data","No data","No data","No data","No data","No data","No data","No data","No data","No data","No data","No data","No data","No data","No data","No data","No data","No data","No data","2.96","No data","No data","No data","No data","No data","No data","No data","No data","No data","No data","No data","No data","No data","No data","No data","No data","No data"
"EVE-20-01","779207","7.8","9.1","1.3","0","","ALS","EVE2001_Batch_001","HE20068262 - Finalized","22/03/2020","Core_HalfSawn","4.895","Aristeo.Nuñez","09/03/2020","0.25","No data","No data","No data","0.0025","No data","No data","No data","No data","No data","No data","No data","No data","No data","No data","No data","No data","No data","No data","No data","No data","No data","No data","No data","No data","No data","No data","No data","No data","No data","No data","No data","No data","4.90","No data","No data","No data","No data","No data","No data","No data","No data","No data","No data","No data","No data","No data","No data","No data","No data","No data"
"EVE-20-01","779208","9.1","9.8","0.7","0.35","","ALS","EVE2001_Batch_001","HE20068262 - Finalized","22/03/2020","Core_HalfSawn","1.95","Aristeo.Nuñez","09/03/2020","0.25","No data","No data","No data","0.005","No data","No data","No data","No data","No data","No data","No data","No data","No data","No data","No data","No data","No data","No data","No data","No data","No data","No data","No data","No data","No data","No data","No data","No data","No data","No data","No data","No data","1.20","No data","No data","No data","No data","No data","No data","No data","No data","No data","No data","No data","No data","No data","No data","No data","No data","No data"
"EVE-20-01","779209","10.15","10.8","0.65","0","","ALS","EVE2001_Batch_001","HE20068262 - Finalized","22/03/2020","Core_HalfSawn","1.35","Aristeo.Nuñez","09/03/2020","0.8","No data","No data","No data","0.0025","No data","No data","No data","No data","No data","No data","No data","No data","No data","No data","No data","No data","No data","No data","No data","No data","No data","No data","No data","No data","No data","No data","No data","No data","No data","No data","No data","No data","1.35","No data","No data","No data","No data","No data","No data","No data","No data","No data","No data","No data","No data","No data","No data","No data","No data","No data"
"EVE-20-01","779210","10.8","11.4","0.6","0","","ALS","EVE2001_Batch_001","HE20068262 - Finalized","22/03/2020","Core_HalfSawn","1.805","Aristeo.Nuñez","09/03/2020","0.25","No data","No data","No data","0.0025","No data","No data","No data","No data","No data","No data","No data","No data","No data","No data","No data","No data","No data","No data","No data","No data","No data","No data","No data","No data","No data","No data","No data","No data","No data","No data","No data","No data","1.80","No data","No data","No data","No data","No data","No data","No data","No data","No data","No data","No data","No data","No data","No data","No data","No data","No data"
"EVE-20-01","779211","11.4","13","1.6","0","","ALS","EVE2001_Batch_001","HE20068262 - Finalized","22/03/2020","Core_HalfSawn","4.145","Aristeo.Nuñez","09/03/2020","0.25","No data","No data","No data","0.025","No data","No data","No data","No data","No data","No data","No data","No data","No data","No data","No data","No data","No data","No data","No data","No data","No data","No data","No data","No data","No data","No data","No data","No data","No data","No data","No data","No data","4.14","No data","No data","No data","No data","No data","No data","No data","No data","No data","No data","No data","No data","No data","No data","No data","No data","No data"
"EVE-20-01","779212","13","14.5","1.5","0","","ALS","EVE2001_Batch_001","HE20068262 - Finalized","22/03/2020","Core_HalfSawn","3.575","Aristeo.Nuñez","09/03/2020","0.25","No data","No data","No data","0.0025","No data","No data","No data","No data","No data","No data","No data","No data","No data","No data","No data","No data","No data","No data","No data","No data","No data","No data","No data","No data","No data","No data","No data","No data","No data","No data","No data","No data","3.57","No data","No data","No data","No data","No data","No data","No data","No data","No data","No data","No data","No data","No data","No data","No data","No data","No data"
"EVE-20-01","779213","14.5","16","1.5","0","","ALS","EVE2001_Batch_001","HE20068262 - Finalized","22/03/2020","Core_HalfSawn","3.925","Aristeo.Nuñez","09/03/2020","0.25","No data","No data","No data","0.0025","No data","No data","No data","No data","No data","No data","No data","No data","No data","No data","No data","No data","No data","No data","No data","No data","No data","No data","No data","No data","No data","No data","No data","No data","No data","No data","No data","No data","3.93","No data","No data","No data","No data","No data","No data","No data","No data","No data","No data","No data","No data","No data","No data","No data","No data","No data"
"EVE-20-01","779214","16","17.5","1.5","0","","ALS","EVE2001_Batch_001","HE20068262 - Finalized","22/03/2020","Core_HalfSawn","4.095","Aristeo.Nuñez","09/03/2020","0.25","No data","No data","No data","0.0025","No data","No data","No data","No data","No data","No data","No data","No data","No data","No data","No data","No data","No data","No data","No data","No data","No data","No data","No data","No data","No data","No data","No data","No data","No data","No data","No data","No data","4.09","No data","No data","No data","No data","No data","No data","No data","No data","No data","No data","No data","No data","No data","No data","No data","No data","No data"
"EVE-20-01","779215","17.5","19","1.5","0","","ALS","EVE2001_Batch_001","HE20068262 - Finalized","22/03/2020","Core_QuarterSawn","2.692","Aristeo.Nuñez","09/03/2020","0.25","No data","No data","No data","0.006","No data","No data","No data","No data","No data","No data","No data","No data","No data","No data","No data","No data","No data","No data","No data","No data","No data","No data","No data","No data","No data","No data","No data","No data","No data","No data","No data","No data","2.62","No data","No data","No data","No data","No data","No data","No data","No data","No data","No data","No data","No data","No data","No data","No data","No data","No data"
"EVE-20-01","779217","19","20.5","1.5","0","","ALS","EVE2001_Batch_001","HE20068262 - Finalized","22/03/2020","Core_HalfSawn","4.23","Aristeo.Nuñez","09/03/2020","0.25","No data","No data","No data","0.0025","No data","No data","No data","No data","No data","No data","No data","No data","No data","No data","No data","No data","No data","No data","No data","No data","No data","No data","No data","No data","No data","No data","No data","No data","No data","No data","No data","No data","4.22","No data","No data","No data","No data","No data","No data","No data","No data","No data","No data","No data","No data","No data","No data","No data","No data","No data"
"EVE-20-01","779218","20.5","22","1.5","0","","ALS","EVE2001_Batch_001","HE20068262 - Finalized","22/03/2020","Core_HalfSawn","4.59","Aristeo.Nuñez","09/03/2020","0.8","No data","No data","No data","0.056","No data","No data","No data","No data","No data","No data","No data","No data","No data","No data","No data","No data","No data","No data","No data","No data","No data","No data","No data","No data","No data","No data","No data","No data","No data","No data","No data","No data","4.59","No data","No data","No data","No data","No data","No data","No data","No data","No data","No data","No data","No data","No data","No data","No data","No data","No data"
"EVE-20-01","779219","22","23.5","1.5","0","","ALS","EVE2001_Batch_001","HE20068262 - Finalized","22/03/2020","Core_HalfSawn","4.02","Aristeo.Nuñez","09/03/2020","0.25","0.48","7.43","10.5","0.010","930","1.30","0.04","3.79","0.12","34.0","18.2","17","6.44","1.6","4.27","17.30","0.08","0.9","0.048","2.25","14.8","15.5","1.69","901","0.40","1.69","6.5","14.5","770","9.8","76.7","0.001","4.02","0.005","0.70","10.4","0.5","1.0","242","0.38","0.025","3.02","0.307","0.75","0.6","109","6.2","10.5","89","34.3"
"EVE-20-01","779220","23.5","25.1","1.6","0","","ALS","EVE2001_Batch_001","HE20068262 - Finalized","22/03/2020","Core_HalfSawn","5.46","Aristeo.Nuñez","09/03/2020","0.25","0.55","7.45","21.2","0.009","820","1.28","0.07","3.82","0.11","31.7","16.0","17","7.45","1.1","3.93","17.35","0.08","0.9","0.046","2.55","12.8","14.3","1.41","866","0.43","1.55","6.0","14.9","730","11.2","98.2","0.001","5.45","0.005","0.96","10.4","0.5","1.0","230","0.35","0.05","2.77","0.289","0.83","0.5","91","7.0","8.9","75","29.8"
"EVE-20-01","779221","25.1","26.7","1.6","0","","ALS","EVE2001_Batch_001","HE20068262 - Finalized","22/03/2020","Core_HalfSawn","5.77","Aristeo.Nuñez","09/03/2020","0.25","0.46","7.54","43.5","0.0025","800","1.27","0.12","3.60","0.11","33.6","13.5","11","8.61","1.0","3.54","17.70","0.10","0.8","0.049","3.08","14.1","14.1","1.34","801","0.25","1.06","6.3","10.8","730","12.8","114.0","0.001","5.76","0.005","2.34","9.3","0.5","1.0","174.0","0.39","0.025","3.06","0.272","0.96","0.6","50","3.7","9.3","71","28.7"
"EVE-20-01","779222","26.7","28.3","1.6","0","","ALS","EVE2001_Batch_001","HE20068262 - Finalized","22/03/2020","Core_HalfSawn","5.39","Aristeo.Nuñez","09/03/2020","0.6","0.70","8.28","9.4","0.020","660","1.67","0.11","3.93","0.23","33.0","18.2","13","8.86","11.3","4.15","18.90","0.10","0.8","0.051","3.04","16.4","21.2","2.23","1020","0.33","0.92","5.9","14.4","860","8.0","111.0","0.001","5.40","0.005","0.61","10.9","0.5","0.9","140.0","0.33","0.05","2.40","0.339","1.14","0.5","123","7.5","9.9","116","27.8"
"EVE-20-01","779223","28.3","29.05","0.75","0","","ALS","EVE2001_Batch_001","HE20068262 - Finalized","22/03/2020","Core_HalfSawn","2.245","Aristeo.Nuñez","09/03/2020","3.2","2.96","3.80","13.5","0.292","320","2.14","2.56","3.22","0.88","8.07","11.0","20","7.26","347","2.19","7.59","0.025","0.5","0.025","1.73","3.0","18.5","1.17","1080","2.43","0.07","1.2","20.1","270","78.0","145.0","0.001","2.23","0.005","0.83","4.8","0.5","0.3","60.5","0.06","0.64","1.08","0.100","1.04","0.7","40","24.1","7.2","77","20.8"
"EVE-20-01","779226","29.05","30","0.95","0","","ALS","EVE2001_Batch_001","HE20068262 - Finalized","22/03/2020","Core_HalfSawn","1.77","Aristeo.Nuñez","09/03/2020","1.3","1.44","9.36","15.5","0.200","800","3.60","1.84","1.46","0.64","21.2","17.2","34","13.15","211","3.94","19.90","0.09","1.2","0.050","4.27","7.5","22.6","1.83","807","1.39","0.60","4.1","37.6","690","161.0","209","0.001","1.77","0.01","1.11","12.0","1","0.9","100.5","0.26","0.52","2.52","0.323","2.08","1.4","108","28.2","5.9","125","47.8"
"EVE-20-01","779227","30","31.5","1.5","0","","ALS","EVE2001_Batch_001","HE20068262 - Finalized","22/03/2020","Core_HalfSawn","3.01","Aristeo.Nuñez","09/03/2020","1.2","1.11","8.45","29.7","0.862","970","4.78","2.91","1.64","0.31","54.0","8.9","22","11.05","97.4","4.14","18.70","0.16","1.2","0.079","4.45","34.6","16.6","0.69","546","4.82","0.16","7.8","10.7","980","155.5","189.0","0.001","3.02","0.01","1.30","11.9","0.5","1.6","211","0.52","2.52","6.38","0.325","1.39","1.5","75","54.1","17.1","48","46.9"
"EVE-20-01","779228","31.5","32.55","1.05","0","","ALS","EVE2001_Batch_001","HE20068262 - Finalized","22/03/2020","Core_HalfSawn","2.53","Aristeo.Nuñez","09/03/2020","1.0","1.00","7.50","2.3","0.021","590","2.79","0.20","3.37","0.17","37.9","13.7","17","16.05","18.0","3.85","18.35","0.10","1.3","0.047","3.78","13.8","23.1","1.30","799","1.14","0.75","8.1","13.7","740","12.8","172.0","0.001","2.53","0.005","0.63","9.8","1","1.2","97.4","0.49","0.11","4.72","0.307","1.73","1.0","89","20.5","12.9","104","53.1"
"EVE-20-01","779229","32.55","33.35","0.8","0","","ALS","EVE2001_Batch_001","HE20068262 - Finalized","22/03/2020","Core_HalfSawn","2.245","Aristeo.Nuñez","09/03/2020","1.4","1.46","6.25","2.7","0.189","550","3.31","7.43","2.56","0.32","42.2","9.6","18","6.98","21.7","3.02","14.10","0.10","1.1","0.038","3.14","22.8","13.1","0.42","1000","1.25","0.31","6.0","8.9","580","51.6","173.0","0.001","2.25","0.01","1.45","8.2","1","1.0","64.8","0.36","1.84","4.40","0.243","1.15","0.9","71","25.3","14.2","49","46.1"
"EVE-20-01","779231","33.35","35","1.65","0","","ALS","EVE2001_Batch_002","HE20068262 - Finalized","22/03/2020","Core_HalfSawn","6.16","Aristeo.Nuñez","09/03/2020","0.5","0.80","7.09","4.0","0.008","490","1.35","0.24","4.39","0.16","34.2","13.2","17","6.97","2.8","3.66","16.85","0.09","1.0","0.042","2.84","15.7","13.6","1.34","891","0.33","0.82","6.9","12.9","730","16.8","95.2","0.001","6.16","0.005","1.07","9.3","0.5","1.1","117.5","0.42","0.025","3.87","0.288","0.90","0.7","90","12.0","10.3","84","39.1"
"EVE-20-01","779232","35","36.5","1.5","0","","ALS","EVE2001_Batch_002","HE20068262 - Finalized","22/03/2020","Core_HalfSawn","5.425","Aristeo.Nuñez","09/03/2020","0.7","0.95","7.06","6.4","0.011","500","1.80","0.12","4.32","0.20","28.3","17.2","21","7.57","3.3","4.01","18.95","0.10","1.0","0.044","3.01","10.9","16.0","1.32","967","0.35","1.05","7.5","16.3","810","18.8","82.8","0.001","5.43","0.005","1.28","9.2","0.5","1.1","136.5","0.44","0.05","2.93","0.313","0.92","0.7","92","13.3","8.8","98","44.1"
"EVE-20-01","779233","36.5","38","1.5","0","","ALS","EVE2001_Batch_002","HE20068262 - Finalized","22/03/2020","Core_HalfSawn","4.575","Aristeo.Nuñez","09/03/2020","0.7","1.03","7.63","2.6","0.045","520","3.66","0.15","3.82","0.40","39.2","14.3","18","11.25","12.0","3.78","17.15","0.12","1.3","0.042","3.11","18.9","21.1","1.56","811","0.43","0.43","7.1","14.0","730","48.7","147.5","0.001","4.58","0.005","0.57","9.8","0.5","1.1","91.6","0.45","0.15","4.68","0.304","1.40","0.9","88","31.1","10.2","104","44.2"
"EVE-20-01","779234","38","39.5","1.5","0","","ALS","EVE2001_Batch_002","HE20068262 - Finalized","22/03/2020","Core_HalfSawn","5.39","Aristeo.Nuñez","09/03/2020","1.5","1.87","6.03","7.6","0.008","480","2.24","0.24","4.22","0.33","31.7","9.1","12","8.92","3.9","3.47","14.05","0.09","1.4","0.048","3.01","14.1","11.3","0.63","713","0.74","0.10","6.8","6.2","500","45.6","117.0","0.001","5.39","0.005","1.33","10.5","0.5","1.3","71.4","0.46","0.16","5.64","0.341","1.08","1.7","73","36.1","11.9","51","49.7"
"EVE-20-01","779235","39.5","40.5","1","0","","ALS","EVE2001_Batch_002","HE20068262 - Finalized","22/03/2020","Core_HalfSawn","2.35","Aristeo.Nuñez","09/03/2020","1.4","1.49","5.98","8.9","0.017","480","2.56","0.34","3.90","0.31","34.2","9.3","12","9.70","5.1","3.07","13.45","0.11","1.6","0.047","3.03","17.1","13.8","0.71","679","0.59","0.09","7.6","6.8","530","26.9","126.0","0.001","2.35","0.005","1.47","10.0","0.5","1.6","67.1","0.54","0.12","6.83","0.313","1.16","1.7","61","38.6","14.1","63","55.7"
"EVE-20-01","779236","40.5","41.2","0.7","0","","ALS","EVE2001_Batch_002","HE20068262 - Finalized","22/03/2020","Core_HalfSawn","2.275","Aristeo.Nuñez","09/03/2020","1.5","1.71","6.60","8.1","0.017","630","9.82","0.54","1.73","0.46","49.0","6.2","14","8.10","6.9","2.68","14.45","0.10","2.0","0.049","3.52","22.2","31.1","0.49","1060","1.27","0.08","8.2","5.1","460","16.4","184.0","0.001","2.27","0.005","2.04","9.4","0.5","1.7","47.1","0.54","0.49","10.25","0.263","1.17","2.2","60","64.0","15.8","25","70.1"
"EVE-20-01","779238","41.2","42.7","1.5","0","","ALS","EVE2001_Batch_002","HE20068262 - Finalized","22/03/2020","Core_HalfSawn","3.05","Aristeo.Nuñez","09/03/2020","1.4","1.43","6.52","7.3","0.070","570","6.11","0.35","3.02","0.39","47.3","7.7","14","10.05","16.5","2.73","14.75","0.13","2.2","0.043","3.41","25.0","25.3","0.71","917","0.86","0.08","8.4","6.7","510","39.7","180.5","0.001","3.04","0.005","1.59","9.9","1","1.7","85.7","0.58","0.34","9.57","0.284","1.25","2.3","62","44.7","19.0","56","78.1"
"EVE-20-01","779239","42.7","44.2","1.5","0","","ALS","EVE2001_Batch_002","HE20068262 - Finalized","22/03/2020","Core_HalfSawn","3.805","Aristeo.Nuñez","09/03/2020","1.5","1.40","6.38","7.0","0.038","490","1.96","0.13","3.36","0.21","41.9","8.7","12","10.10","2.4","2.70","13.55","0.09","2.0","0.042","3.16","19.4","14.3","0.81","661","0.62","0.09","8.3","6.7","490","21.6","128.0","0.001","3.80","0.005","0.81","9.0","0.5","1.6","60.7","0.61","0.28","9.97","0.267","1.11","2.0","47","22.1","15.3","68","71.9"
"EVE-20-01","779240","44.2","45.7","1.5","0","","ALS","EVE2001_Batch_002","HE20068262 - Finalized","22/03/2020","Core_HalfSawn","3.96","Aristeo.Nuñez","09/03/2020","1.3","1.34","6.71","4.8","0.028","470","1.97","0.18","3.99","0.29","37.9","11.7","14","9.79","5.9","3.39","13.95","0.10","1.8","0.049","3.06","19.6","19.4","1.06","820","0.81","0.08","7.4","8.2","500","25.3","149.0","0.001","3.95","0.005","1.29","12.6","0.5","1.5","62.1","0.49","0.27","8.07","0.353","1.07","2.0","105","33.3","16.1","101","62.3"
"EVE-20-01","779241","45.7","47.2","1.5","0","","ALS","EVE2001_Batch_002","HE20068262 - Finalized","22/03/2020","Core_HalfSawn","3.67","Aristeo.Nuñez","09/03/2020","2.0","2.11","6.75","5.2","0.109","530","1.94","0.12","2.69","0.51","44.3","8.5","12","11.75","8.2","2.86","14.60","0.12","2.1","0.042","3.27","21.2","14.6","0.89","610","0.84","0.09","7.9","6.8","470","21.4","162.5","0.001","3.66","0.005","0.84","10.6","0.5","1.5","59.3","0.55","0.81","9.71","0.277","1.15","2.2","67","29.0","15.5","78","72.4"
"EVE-20-01","779242","47.2","48.7","1.5","0","","ALS","EVE2001_Batch_002","HE20068262 - Finalized","22/03/2020","Core_HalfSawn","3.61","Aristeo.Nuñez","09/03/2020","2.6","2.61","7.94","5.8","0.274","640","2.67","1.22","2.17","0.41","40.3","11.6","16","17.20","18.1","4.32","16.75","0.13","2.9","0.052","3.96","26.3","21.1","1.26","600","1.18","0.10","7.9","8.9","590","40.7","234","0.001","3.61","0.01","1.44","17.3","1","1.8","101.0","0.53","2.04","9.14","0.431","1.50","3.3","144","44.8","18.5","115","95.3"
"EVE-20-01","779243","48.7","50.2","1.5","0","","ALS","EVE2001_Batch_002","HE20068262 - Finalized","22/03/2020","Core_HalfSawn","6.025","Aristeo.Nuñez","09/03/2020","3.4","3.61","6.33","6.8","0.167","530","2.17","0.61","2.48","0.53","41.1","7.9","12","11.10","13.7","2.66","13.20","0.12","3.1","0.040","3.16","22.8","15.1","0.84","676","1.01","0.08","7.5","6.6","440","28.9","182.0","0.001","6.06","0.005","0.98","10.2","0.5","1.5","49.4","0.50","1.85","9.71","0.262","1.06","2.9","51","34.0","17.5","79","111.5"
"EVE-20-01","779244","50.2","51.7","1.5","0","","ALS","EVE2001_Batch_002","HE20068262 - Finalized","22/03/2020","Core_HalfSawn","4.95","Aristeo.Nuñez","09/03/2020","2.4","2.60","6.68","12.0","0.078","530","2.02","0.19","2.35","0.30","49.3","7.2","13","11.55","4.6","2.63","13.85","0.12","2.3","0.047","3.28","24.3","12.2","0.72","559","0.84","0.08","8.9","6.7","500","52.6","160.0","0.001","4.96","0.005","1.24","9.0","0.5","1.7","50.8","0.62","0.99","12.20","0.256","1.05","2.5","34","24.5","16.6","69","86.0"
"EVE-20-01","779246","51.7","53.2","1.5","0","","ALS","EVE2001_Batch_002","HE20068262 - Finalized","22/03/2020","Core_HalfSawn","4.915","Aristeo.Nuñez","09/03/2020","2.0","2.04","6.49","8.5","0.082","530","1.90","0.18","3.16","0.39","38.3","9.8","14","12.15","8.6","2.99","13.50","0.12","1.8","0.045","3.21","19.0","13.9","0.88","688","0.86","0.08","7.4","7.4","470","48.3","166.5","0.001","4.91","0.005","1.20","10.6","0.5","1.6","52.7","0.52","0.75","9.08","0.290","1.22","2.4","80","25.5","14.2","95","68.6"
"EVE-20-01","779247","53.2","54.7","1.5","0","","ALS","EVE2001_Batch_002","HE20068262 - Finalized","22/03/2020","Core_HalfSawn","4.74","Aristeo.Nuñez","09/03/2020","1.6","No data","No data","No data","0.075","No data","No data","No data","No data","No data","No data","No data","No data","No data","No data","No data","No data","No data","No data","No data","No data","No data","No data","No data","No data","No data","No data","No data","No data","No data","No data","No data","No data","4.75","No data","No data","No data","No data","No data","No data","No data","No data","No data","No data","No data","No data","No data","No data","No data","No data","No data"
"EVE-20-01","779248","54.7","56.2","1.5","0","","ALS","EVE2001_Batch_002","HE20068262 - Finalized","22/03/2020","Core_HalfSawn","3.615","Aristeo.Nuñez","09/03/2020","1.8","No data","No data","No data","0.159","No data","No data","No data","No data","No data","No data","No data","No data","No data","No data","No data","No data","No data","No data","No data","No data","No data","No data","No data","No data","No data","No data","No data","No data","No data","No data","No data","No data","3.62","No data","No data","No data","No data","No data","No data","No data","No data","No data","No data","No data","No data","No data","No data","No data","No data","No data"
"EVE-20-01","779249","56.2","57.7","1.5","0","","ALS","EVE2001_Batch_002","HE20068262 - Finalized","22/03/2020","Core_QuarterSawn","2.84","Aristeo.Nuñez","09/03/2020","1.2","No data","No data","No data","0.034","No data","No data","No data","No data","No data","No data","No data","No data","No data","No data","No data","No data","No data","No data","No data","No data","No data","No data","No data","No data","No data","No data","No data","No data","No data","No data","No data","No data","2.83","No data","No data","No data","No data","No data","No data","No data","No data","No data","No data","No data","No data","No data","No data","No data","No data","No data"
"EVE-20-01","779251","57.7","59.2","1.5","0","","ALS","EVE2001_Batch_002","HE20068262 - Finalized","22/03/2020","Core_HalfSawn","5.31","Aristeo.Nuñez","09/03/2020","0.8","No data","No data","No data","0.026","No data","No data","No data","No data","No data","No data","No data","No data","No data","No data","No data","No data","No data","No data","No data","No data","No data","No data","No data","No data","No data","No data","No data","No data","No data","No data","No data","No data","5.31","No data","No data","No data","No data","No data","No data","No data","No data","No data","No data","No data","No data","No data","No data","No data","No data","No data"
"EVE-20-01","779252","59.2","60.7","1.5","0","","ALS","EVE2001_Batch_002","HE20068262 - Finalized","22/03/2020","Core_HalfSawn","5.325","Aristeo.Nuñez","09/03/2020","0.9","No data","No data","No data","0.024","No data","No data","No data","No data","No data","No data","No data","No data","No data","No data","No data","No data","No data","No data","No data","No data","No data","No data","No data","No data","No data","No data","No data","No data","No data","No data","No data","No data","5.33","No data","No data","No data","No data","No data","No data","No data","No data","No data","No data","No data","No data","No data","No data","No data","No data","No data"
"EVE-20-01","779253","60.7","62.2","1.5","0","","ALS","EVE2001_Batch_002","HE20068262 - Finalized","22/03/2020","Core_HalfSawn","3.615","Aristeo.Nuñez","09/03/2020","1.7","No data","No data","No data","0.210","No data","No data","No data","No data","No data","No data","No data","No data","No data","No data","No data","No data","No data","No data","No data","No data","No data","No data","No data","No data","No data","No data","No data","No data","No data","No data","No data","No data","3.61","No data","No data","No data","No data","No data","No data","No data","No data","No data","No data","No data","No data","No data","No data","No data","No data","No data"
"EVE-20-01","779254","62.2","63.7","1.5","0","","ALS","EVE2001_Batch_002","HE20068262 - Finalized","22/03/2020","Core_HalfSawn","3.995","Aristeo.Nuñez","09/03/2020","1.8","No data","No data","No data","0.059","No data","No data","No data","No data","No data","No data","No data","No data","No data","No data","No data","No data","No data","No data","No data","No data","No data","No data","No data","No data","No data","No data","No data","No data","No data","No data","No data","No data","3.99","No data","No data","No data","No data","No data","No data","No data","No data","No data","No data","No data","No data","No data","No data","No data","No data","No data"
"EVE-20-01","779255","63.7","65.2","1.5","0","","ALS","EVE2001_Batch_002","HE20068262 - Finalized","22/03/2020","Core_HalfSawn","3.26","Aristeo.Nuñez","09/03/2020","1.1","No data","No data","No data","0.026","No data","No data","No data","No data","No data","No data","No data","No data","No data","No data","No data","No data","No data","No data","No data","No data","No data","No data","No data","No data","No data","No data","No data","No data","No data","No data","No data","No data","3.26","No data","No data","No data","No data","No data","No data","No data","No data","No data","No data","No data","No data","No data","No data","No data","No data","No data"
"EVE-20-01","779256","65.2","66.7","1.5","0","","ALS","EVE2001_Batch_002","HE20068262 - Finalized","22/03/2020","Core_HalfSawn","5.75","Aristeo.Nuñez","09/03/2020","1.0","No data","No data","No data","0.046","No data","No data","No data","No data","No data","No data","No data","No data","No data","No data","No data","No data","No data","No data","No data","No data","No data","No data","No data","No data","No data","No data","No data","No data","No data","No data","No data","No data","5.73","No data","No data","No data","No data","No data","No data","No data","No data","No data","No data","No data","No data","No data","No data","No data","No data","No data"
"EVE-20-01","779257","66.7","68.2","1.5","0","","ALS","EVE2001_Batch_002","HE20068262 - Finalized","22/03/2020","Core_HalfSawn","4.08","Aristeo.Nuñez","09/03/2020","1.4","No data","No data","No data","0.131","No data","No data","No data","No data","No data","No data","No data","No data","No data","No data","No data","No data","No data","No data","No data","No data","No data","No data","No data","No data","No data","No data","No data","No data","No data","No data","No data","No data","4.09","No data","No data","No data","No data","No data","No data","No data","No data","No data","No data","No data","No data","No data","No data","No data","No data","No data"
"EVE-20-01","779259","68.2","69.7","1.5","0","","ALS","EVE2001_Batch_002","HE20068262 - Finalized","22/03/2020","Core_HalfSawn","5.025","Aristeo.Nuñez","09/03/2020","0.8","No data","No data","No data","0.030","No data","No data","No data","No data","No data","No data","No data","No data","No data","No data","No data","No data","No data","No data","No data","No data","No data","No data","No data","No data","No data","No data","No data","No data","No data","No data","No data","No data","5.02","No data","No data","No data","No data","No data","No data","No data","No data","No data","No data","No data","No data","No data","No data","No data","No data","No data"
"EVE-20-01","779260","69.7","71.2","1.5","0","","ALS","EVE2001_Batch_002","HE20068262 - Finalized","22/03/2020","Core_HalfSawn","5.42","Aristeo.Nuñez","10/03/2020","0.8","No data","No data","No data","0.031","No data","No data","No data","No data","No data","No data","No data","No data","No data","No data","No data","No data","No data","No data","No data","No data","No data","No data","No data","No data","No data","No data","No data","No data","No data","No data","No data","No data","5.42","No data","No data","No data","No data","No data","No data","No data","No data","No data","No data","No data","No data","No data","No data","No data","No data","No data"
"EVE-20-01","779261","71.2","72.7","1.5","0","","ALS","EVE2001_Batch_002","HE20068262 - Finalized","22/03/2020","Core_HalfSawn","4.49","Aristeo.Nuñez","10/03/2020","1.2","No data","No data","No data","0.010","No data","No data","No data","No data","No data","No data","No data","No data","No data","No data","No data","No data","No data","No data","No data","No data","No data","No data","No data","No data","No data","No data","No data","No data","No data","No data","No data","No data","4.49","No data","No data","No data","No data","No data","No data","No data","No data","No data","No data","No data","No data","No data","No data","No data","No data","No data"
"EVE-20-01","779262","72.7","74.2","1.5","0","","ALS","EVE2001_Batch_002","HE20068262 - Finalized","22/03/2020","Core_HalfSawn","4.68","Aristeo.Nuñez","10/03/2020","0.7","No data","No data","No data","0.056","No data","No data","No data","No data","No data","No data","No data","No data","No data","No data","No data","No data","No data","No data","No data","No data","No data","No data","No data","No data","No data","No data","No data","No data","No data","No data","No data","No data","4.67","No data","No data","No data","No data","No data","No data","No data","No data","No data","No data","No data","No data","No data","No data","No data","No data","No data"
"EVE-20-01","779264","74.2","75.7","1.5","0","","ALS","EVE2001_Batch_003","HE20068262 - Finalized","22/03/2020","Core_HalfSawn","4.68","Aristeo.Nuñez","10/03/2020","1.5","No data","No data","No data","0.082","No data","No data","No data","No data","No data","No data","No data","No data","No data","No data","No data","No data","No data","No data","No data","No data","No data","No data","No data","No data","No data","No data","No data","No data","No data","No data","No data","No data","4.67","No data","No data","No data","No data","No data","No data","No data","No data","No data","No data","No data","No data","No data","No data","No data","No data","No data"
"EVE-20-01","779265","75.7","77.2","1.5","0","","ALS","EVE2001_Batch_003","HE20068262 - Finalized","22/03/2020","Core_HalfSawn","3.88","Aristeo.Nuñez","10/03/2020","1.0","No data","No data","No data","0.013","No data","No data","No data","No data","No data","No data","No data","No data","No data","No data","No data","No data","No data","No data","No data","No data","No data","No data","No data","No data","No data","No data","No data","No data","No data","No data","No data","No data","3.88","No data","No data","No data","No data","No data","No data","No data","No data","No data","No data","No data","No data","No data","No data","No data","No data","No data"
"EVE-20-01","779266","77.2","78.7","1.5","0","","ALS","EVE2001_Batch_003","HE20068262 - Finalized","22/03/2020","Core_HalfSawn","5.015","Aristeo.Nuñez","10/03/2020","0.8","No data","No data","No data","0.027","No data","No data","No data","No data","No data","No data","No data","No data","No data","No data","No data","No data","No data","No data","No data","No data","No data","No data","No data","No data","No data","No data","No data","No data","No data","No data","No data","No data","5.01","No data","No data","No data","No data","No data","No data","No data","No data","No data","No data","No data","No data","No data","No data","No data","No data","No data"
"EVE-20-01","779267","78.7","80.2","1.5","0","","ALS","EVE2001_Batch_003","HE20068262 - Finalized","22/03/2020","Core_HalfSawn","4.51","Aristeo.Nuñez","10/03/2020","1.1","No data","No data","No data","0.073","No data","No data","No data","No data","No data","No data","No data","No data","No data","No data","No data","No data","No data","No data","No data","No data","No data","No data","No data","No data","No data","No data","No data","No data","No data","No data","No data","No data","4.50","No data","No data","No data","No data","No data","No data","No data","No data","No data","No data","No data","No data","No data","No data","No data","No data","No data"
"EVE-20-01","779268","80.2","81.7","1.5","0","","ALS","EVE2001_Batch_003","HE20068262 - Finalized","22/03/2020","Core_HalfSawn","4.275","Aristeo.Nuñez","10/03/2020","1.3","No data","No data","No data","0.110","No data","No data","No data","No data","No data","No data","No data","No data","No data","No data","No data","No data","No data","No data","No data","No data","No data","No data","No data","No data","No data","No data","No data","No data","No data","No data","No data","No data","4.27","No data","No data","No data","No data","No data","No data","No data","No data","No data","No data","No data","No data","No data","No data","No data","No data","No data"
"EVE-20-01","779269","81.7","83.2","1.5","0","","ALS","EVE2001_Batch_003","HE20068262 - Finalized","22/03/2020","Core_HalfSawn","3.685","Aristeo.Nuñez","10/03/2020","2.3","No data","No data","No data","0.044","No data","No data","No data","No data","No data","No data","No data","No data","No data","No data","No data","No data","No data","No data","No data","No data","No data","No data","No data","No data","No data","No data","No data","No data","No data","No data","No data","No data","3.68","No data","No data","No data","No data","No data","No data","No data","No data","No data","No data","No data","No data","No data","No data","No data","No data","No data"
"EVE-20-01","779270","83.2","84.7","1.5","0","","ALS","EVE2001_Batch_003","HE20068262 - Finalized","22/03/2020","Core_HalfSawn","5.6","Aristeo.Nuñez","10/03/2020","4.6","No data","No data","No data","0.122","No data","No data","No data","No data","No data","No data","No data","No data","No data","No data","No data","No data","No data","No data","No data","No data","No data","No data","No data","No data","No data","No data","No data","No data","No data","No data","No data","No data","5.60","No data","No data","No data","No data","No data","No data","No data","No data","No data","No data","No data","No data","No data","No data","No data","No data","No data"
"EVE-20-01","779271","84.7","86.2","1.5","0","","ALS","EVE2001_Batch_003","HE20068262 - Finalized","22/03/2020","Core_HalfSawn","3.78","Aristeo.Nuñez","10/03/2020","1.8","No data","No data","No data","0.080","No data","No data","No data","No data","No data","No data","No data","No data","No data","No data","No data","No data","No data","No data","No data","No data","No data","No data","No data","No data","No data","No data","No data","No data","No data","No data","No data","No data","3.79","No data","No data","No data","No data","No data","No data","No data","No data","No data","No data","No data","No data","No data","No data","No data","No data","No data"
"EVE-20-01","779272","86.2","87.7","1.5","0","","ALS","EVE2001_Batch_003","HE20068262 - Finalized","22/03/2020","Core_HalfSawn","6.75","Aristeo.Nuñez","10/03/2020","1.2","No data","No data","No data","0.062","No data","No data","No data","No data","No data","No data","No data","No data","No data","No data","No data","No data","No data","No data","No data","No data","No data","No data","No data","No data","No data","No data","No data","No data","No data","No data","No data","No data","6.75","No data","No data","No data","No data","No data","No data","No data","No data","No data","No data","No data","No data","No data","No data","No data","No data","No data"
"EVE-20-01","779273","87.7","89.2","1.5","0","","ALS","EVE2001_Batch_003","HE20068262 - Finalized","22/03/2020","Core_HalfSawn","4.26","Aristeo.Nuñez","10/03/2020","0.6","No data","No data","No data","0.061","No data","No data","No data","No data","No data","No data","No data","No data","No data","No data","No data","No data","No data","No data","No data","No data","No data","No data","No data","No data","No data","No data","No data","No data","No data","No data","No data","No data","4.27","No data","No data","No data","No data","No data","No data","No data","No data","No data","No data","No data","No data","No data","No data","No data","No data","No data"
"EVE-20-01","779274","89.2","90.7","1.5","0","","ALS","EVE2001_Batch_003","HE20068262 - Finalized","22/03/2020","Core_HalfSawn","5.09","Aristeo.Nuñez","10/03/2020","1.3","No data","No data","No data","0.047","No data","No data","No data","No data","No data","No data","No data","No data","No data","No data","No data","No data","No data","No data","No data","No data","No data","No data","No data","No data","No data","No data","No data","No data","No data","No data","No data","No data","5.09","No data","No data","No data","No data","No data","No data","No data","No data","No data","No data","No data","No data","No data","No data","No data","No data","No data"
"EVE-20-01","779276","90.7","92.2","1.5","0","","ALS","EVE2001_Batch_003","HE20068262 - Finalized","22/03/2020","Core_HalfSawn","5.2","Aristeo.Nuñez","10/03/2020","1.2","No data","No data","No data","0.018","No data","No data","No data","No data","No data","No data","No data","No data","No data","No data","No data","No data","No data","No data","No data","No data","No data","No data","No data","No data","No data","No data","No data","No data","No data","No data","No data","No data","5.22","No data","No data","No data","No data","No data","No data","No data","No data","No data","No data","No data","No data","No data","No data","No data","No data","No data"
"EVE-20-01","779277","92.2","93.7","1.5","0","","ALS","EVE2001_Batch_003","HE20068262 - Finalized","22/03/2020","Core_HalfSawn","5.31","Aristeo.Nuñez","10/03/2020","0.25","No data","No data","No data","0.006","No data","No data","No data","No data","No data","No data","No data","No data","No data","No data","No data","No data","No data","No data","No data","No data","No data","No data","No data","No data","No data","No data","No data","No data","No data","No data","No data","No data","5.32","No data","No data","No data","No data","No data","No data","No data","No data","No data","No data","No data","No data","No data","No data","No data","No data","No data"
"EVE-20-01","779278","93.7","95.2","1.5","0","","ALS","EVE2001_Batch_003","HE20068262 - Finalized","22/03/2020","Core_HalfSawn","5.545","Aristeo.Nuñez","10/03/2020","1.2","No data","No data","No data","0.042","No data","No data","No data","No data","No data","No data","No data","No data","No data","No data","No data","No data","No data","No data","No data","No data","No data","No data","No data","No data","No data","No data","No data","No data","No data","No data","No data","No data","5.55","No data","No data","No data","No data","No data","No data","No data","No data","No data","No data","No data","No data","No data","No data","No data","No data","No data"
"EVE-20-01","779279","95.2","96.7","1.5","0","","ALS","EVE2001_Batch_003","HE20068262 - Finalized","22/03/2020","Core_HalfSawn","5.41","Aristeo.Nuñez","10/03/2020","0.25","No data","No data","No data","0.024","No data","No data","No data","No data","No data","No data","No data","No data","No data","No data","No data","No data","No data","No data","No data","No data","No data","No data","No data","No data","No data","No data","No data","No data","No data","No data","No data","No data","5.40","No data","No data","No data","No data","No data","No data","No data","No data","No data","No data","No data","No data","No data","No data","No data","No data","No data"
"EVE-20-01","779280","96.7","98.2","1.5","0","","ALS","EVE2001_Batch_003","HE20068262 - Finalized","22/03/2020","Core_HalfSawn","5.585","Aristeo.Nuñez","10/03/2020","1.4","No data","No data","No data","0.084","No data","No data","No data","No data","No data","No data","No data","No data","No data","No data","No data","No data","No data","No data","No data","No data","No data","No data","No data","No data","No data","No data","No data","No data","No data","No data","No data","No data","5.57","No data","No data","No data","No data","No data","No data","No data","No data","No data","No data","No data","No data","No data","No data","No data","No data","No data"
"EVE-20-01","779281","98.2","99.7","1.5","0","","ALS","EVE2001_Batch_003","HE20068262 - Finalized","22/03/2020","Core_HalfSawn","5.25","Aristeo.Nuñez","10/03/2020","0.6","No data","No data","No data","0.055","No data","No data","No data","No data","No data","No data","No data","No data","No data","No data","No data","No data","No data","No data","No data","No data","No data","No data","No data","No data","No data","No data","No data","No data","No data","No data","No data","No data","5.25","No data","No data","No data","No data","No data","No data","No data","No data","No data","No data","No data","No data","No data","No data","No data","No data","No data"
"EVE-20-01","779282","99.7","101.2","1.5","0","","ALS","EVE2001_Batch_003","HE20068262 - Finalized","22/03/2020","Core_HalfSawn","5.04","Aristeo.Nuñez","10/03/2020","0.6","No data","No data","No data","0.066","No data","No data","No data","No data","No data","No data","No data","No data","No data","No data","No data","No data","No data","No data","No data","No data","No data","No data","No data","No data","No data","No data","No data","No data","No data","No data","No data","No data","5.04","No data","No data","No data","No data","No data","No data","No data","No data","No data","No data","No data","No data","No data","No data","No data","No data","No data"
"EVE-20-01","779283","101.2","102.7","1.5","0","","ALS","EVE2001_Batch_003","HE20068262 - Finalized","22/03/2020","Core_HalfSawn","5.055","Aristeo.Nuñez","10/03/2020","1.2","No data","No data","No data","0.083","No data","No data","No data","No data","No data","No data","No data","No data","No data","No data","No data","No data","No data","No data","No data","No data","No data","No data","No data","No data","No data","No data","No data","No data","No data","No data","No data","No data","5.06","No data","No data","No data","No data","No data","No data","No data","No data","No data","No data","No data","No data","No data","No data","No data","No data","No data"
"EVE-20-01","779285","102.7","104.2","1.5","0","","ALS","EVE2001_Batch_003","HE20068262 - Finalized","22/03/2020","Core_HalfSawn","5.85","Aristeo.Nuñez","10/03/2020","23.1","No data","No data","No data","0.113","No data","No data","No data","No data","No data","No data","No data","No data","No data","No data","No data","No data","No data","No data","No data","No data","No data","No data","No data","No data","No data","No data","No data","No data","No data","No data","No data","No data","5.85","No data","No data","No data","No data","No data","No data","No data","No data","No data","No data","No data","No data","No data","No data","No data","No data","No data"
"EVE-20-01","779286","104.2","105.7","1.5","0","","ALS","EVE2001_Batch_003","HE20068262 - Finalized","22/03/2020","Core_HalfSawn","5.15","Aristeo.Nuñez","10/03/2020","0.5","No data","No data","No data","0.023","No data","No data","No data","No data","No data","No data","No data","No data","No data","No data","No data","No data","No data","No data","No data","No data","No data","No data","No data","No data","No data","No data","No data","No data","No data","No data","No data","No data","5.16","No data","No data","No data","No data","No data","No data","No data","No data","No data","No data","No data","No data","No data","No data","No data","No data","No data"
"EVE-20-01","779287","105.7","107.2","1.5","0","","ALS","EVE2001_Batch_003","HE20068262 - Finalized","22/03/2020","Core_HalfSawn","4.605","Aristeo.Nuñez","10/03/2020","0.9","No data","No data","No data","0.062","No data","No data","No data","No data","No data","No data","No data","No data","No data","No data","No data","No data","No data","No data","No data","No data","No data","No data","No data","No data","No data","No data","No data","No data","No data","No data","No data","No data","4.61","No data","No data","No data","No data","No data","No data","No data","No data","No data","No data","No data","No data","No data","No data","No data","No data","No data"
"EVE-20-01","779288","107.2","108.7","1.5","0","","ALS","EVE2001_Batch_003","HE20068262 - Finalized","22/03/2020","Core_HalfSawn","4.59","Aristeo.Nuñez","10/03/2020","1.3","No data","No data","No data","0.057","No data","No data","No data","No data","No data","No data","No data","No data","No data","No data","No data","No data","No data","No data","No data","No data","No data","No data","No data","No data","No data","No data","No data","No data","No data","No data","No data","No data","4.60","No data","No data","No data","No data","No data","No data","No data","No data","No data","No data","No data","No data","No data","No data","No data","No data","No data"
"EVE-20-01","779289","108.7","110.2","1.5","0","","ALS","EVE2001_Batch_003","HE20068262 - Finalized","22/03/2020","Core_HalfSawn","5.205","Aristeo.Nuñez","10/03/2020","0.5","No data","No data","No data","0.043","No data","No data","No data","No data","No data","No data","No data","No data","No data","No data","No data","No data","No data","No data","No data","No data","No data","No data","No data","No data","No data","No data","No data","No data","No data","No data","No data","No data","5.22","No data","No data","No data","No data","No data","No data","No data","No data","No data","No data","No data","No data","No data","No data","No data","No data","No data"
"EVE-20-01","779290","110.2","111.7","1.5","0","","ALS","EVE2001_Batch_003","HE20068262 - Finalized","22/03/2020","Core_QuarterSawn","2.88","Aristeo.Nuñez","10/03/2020","0.25","No data","No data","No data","0.013","No data","No data","No data","No data","No data","No data","No data","No data","No data","No data","No data","No data","No data","No data","No data","No data","No data","No data","No data","No data","No data","No data","No data","No data","No data","No data","No data","No data","2.87","No data","No data","No data","No data","No data","No data","No data","No data","No data","No data","No data","No data","No data","No data","No data","No data","No data"
"EVE-20-01","779292","111.7","113.2","1.5","0","","ALS","EVE2001_Batch_003","HE20068262 - Finalized","22/03/2020","Core_HalfSawn","6.02","Aristeo.Nuñez","10/03/2020","0.7","No data","No data","No data","0.067","No data","No data","No data","No data","No data","No data","No data","No data","No data","No data","No data","No data","No data","No data","No data","No data","No data","No data","No data","No data","No data","No data","No data","No data","No data","No data","No data","No data","6.01","No data","No data","No data","No data","No data","No data","No data","No data","No data","No data","No data","No data","No data","No data","No data","No data","No data"
"EVE-20-01","779293","113.2","114.7","1.5","0","","ALS","EVE2001_Batch_003","HE20068262 - Finalized","22/03/2020","Core_HalfSawn","5.085","Aristeo.Nuñez","10/03/2020","2.1","No data","No data","No data","0.053","No data","No data","No data","No data","No data","No data","No data","No data","No data","No data","No data","No data","No data","No data","No data","No data","No data","No data","No data","No data","No data","No data","No data","No data","No data","No data","No data","No data","5.08","No data","No data","No data","No data","No data","No data","No data","No data","No data","No data","No data","No data","No data","No data","No data","No data","No data"
"EVE-20-01","779294","114.7","116.2","1.5","0","","ALS","EVE2001_Batch_003","HE20068262 - Finalized","22/03/2020","Core_HalfSawn","5.145","Aristeo.Nuñez","10/03/2020","4.6","4.48","6.89","1.3","0.192","600","3.07","0.18","3.65","2.04","61.5","9.0","8","11.70","77.9","3.12","14.30","0.14","4.7","0.041","3.18","28.2","16.3","0.86","838","0.93","0.51","10.8","5.0","620","63.3","176.0","0.001","5.14","1.18","0.84","11.4","1","2.0","120.5","0.74","2.85","14.50","0.347","1.46","4.1","69","24.9","24.7","95","183.0"
"EVE-20-01","779295","116.2","117.7","1.5","0","","ALS","EVE2001_Batch_003","HE20068262 - Finalized","22/03/2020","Core_HalfSawn","0","Aristeo.Nuñez","10/03/2020","2.2","2.29","6.59","1.3","0.128","590","2.60","0.21","3.21","0.31","53.0","9.0","9","10.20","55.6","2.95","14.30","0.12","4.5","0.043","3.01","22.5","10.1","0.54","589","1.61","0.92","11.1","5.4","600","68.0","139.0","0.001","4.61","1.11","0.67","11.1","0.5","1.9","123.5","0.74","1.76","12.90","0.355","1.21","3.5","72","19.5","22.1","52","173.5"
"EVE-20-01","779296","117.7","119.2","1.5","0","","ALS","EVE2001_Batch_003","HE20068262 - Finalized","22/03/2020","Core_HalfSawn","0","Aristeo.Nuñez","10/03/2020","2.5","2.05","7.58","1.6","0.108","670","3.09","0.25","3.39","0.31","63.2","9.0","9","12.45","61.9","3.51","15.65","0.16","4.7","0.048","3.54","27.7","14.8","0.92","749","0.77","0.57","11.2","4.5","670","50.8","176.0","0.001","4.27","1.06","0.96","11.9","1","2.0","116.5","0.78","1.53","14.20","0.394","1.44","3.9","77","19.9","24.4","75","190.5"
"EVE-20-01","779297","119.2","120.7","1.5","0","","ALS","EVE2001_Batch_004","HE20068262 - Finalized","22/03/2020","Core_HalfSawn","4.94","Aristeo.Nuñez","10/03/2020","5.4","6.78","6.58","1.3","0.073","770","12.85","8.78","3.30","1.34","53.4","8.7","11","9.04","73.0","3.16","15.20","0.13","4.4","0.039","3.71","23.6","36.1","0.75","1000","8.67","0.09","10.1","8.4","580","197.0","204","0.003","4.91","2.07","0.75","10.7","1","2.1","84.3","0.68","1.56","12.05","0.327","1.41","4.2","78","117.0","21.4","60","169.0"
"EVE-20-01","779300","120.7","122.2","1.5","0","","ALS","EVE2001_Batch_004","HE20068262 - Finalized","22/03/2020","Core_HalfSawn","4.945","Aristeo.Nuñez","10/03/2020","6.4","6.45","6.87","1.3","0.105","860","8.17","7.81","3.27","0.32","52.4","8.5","9","11.00","53.2","3.11","14.60","0.11","4.5","0.044","3.51","23.1","15.5","0.91","763","1.81","0.12","10.6","4.8","640","158.0","156.5","0.001","4.95","0.98","0.82","11.0","1","1.9","97.4","0.68","2.21","12.45","0.357","1.44","3.9","73","19.8","22.4","70","179.5"
"EVE-20-01","779301","122.2","123.7","1.5","0","","ALS","EVE2001_Batch_004","HE20068262 - Finalized","22/03/2020","Core_HalfSawn","5.025","Aristeo.Nuñez","10/03/2020","0.25","0.54","6.85","0.9","0.033","1000","2.86","0.59","3.43","0.21","61.5","10.2","9","14.00","9.8","3.30","16.35","0.13","5.1","0.045","3.56","27.9","15.4","1.04","887","0.38","0.56","11.7","5.0","640","17.7","210","0.003","5.04","0.90","0.98","11.9","0.5","2.0","116.0","0.80","0.61","15.10","0.378","1.89","4.3","79","14.6","24.2","66","186.5"
"EVE-20-01","779302","123.7","125.2","1.5","0","","ALS","EVE2001_Batch_004","HE20068262 - Finalized","22/03/2020","Core_HalfSawn","5.61","Aristeo.Nuñez","10/03/2020","0.25","No data","No data","No data","0.020","No data","No data","No data","No data","No data","No data","No data","No data","No data","No data","No data","No data","No data","No data","No data","No data","No data","No data","No data","No data","No data","No data","No data","No data","No data","No data","No data","No data","5.62","No data","No data","No data","No data","No data","No data","No data","No data","No data","No data","No data","No data","No data","No data","No data","No data","No data"
"EVE-20-01","779303","125.2","126.7","1.5","0","","ALS","EVE2001_Batch_004","HE20068262 - Finalized","22/03/2020","Core_HalfSawn","4.79","Aristeo.Nuñez","10/03/2020","3.0","No data","No data","No data","0.133","No data","No data","No data","No data","No data","No data","No data","No data","No data","No data","No data","No data","No data","No data","No data","No data","No data","No data","No data","No data","No data","No data","No data","No data","No data","No data","No data","No data","4.79","No data","No data","No data","No data","No data","No data","No data","No data","No data","No data","No data","No data","No data","No data","No data","No data","No data"
"EVE-20-01","779304","126.7","128.2","1.5","0","","ALS","EVE2001_Batch_004","HE20068262 - Finalized","22/03/2020","Core_HalfSawn","4.82","Aristeo.Nuñez","10/03/2020","2.7","No data","No data","No data","0.141","No data","No data","No data","No data","No data","No data","No data","No data","No data","No data","No data","No data","No data","No data","No data","No data","No data","No data","No data","No data","No data","No data","No data","No data","No data","No data","No data","No data","4.83","No data","No data","No data","No data","No data","No data","No data","No data","No data","No data","No data","No data","No data","No data","No data","No data","No data"
"EVE-20-01","779305","128.2","129.7","1.5","0","","ALS","EVE2001_Batch_004","HE20068262 - Finalized","22/03/2020","Core_HalfSawn","5.98","Aristeo.Nuñez","10/03/2020","0.25","No data","No data","No data","0.0025","No data","No data","No data","No data","No data","No data","No data","No data","No data","No data","No data","No data","No data","No data","No data","No data","No data","No data","No data","No data","No data","No data","No data","No data","No data","No data","No data","No data","6.01","No data","No data","No data","No data","No data","No data","No data","No data","No data","No data","No data","No data","No data","No data","No data","No data","No data"
"EVE-20-01","779306","129.7","131.2","1.5","0","","ALS","EVE2001_Batch_004","HE20068262 - Finalized","22/03/2020","Core_HalfSawn","4.93","Aristeo.Nuñez","10/03/2020","0.25","No data","No data","No data","0.010","No data","No data","No data","No data","No data","No data","No data","No data","No data","No data","No data","No data","No data","No data","No data","No data","No data","No data","No data","No data","No data","No data","No data","No data","No data","No data","No data","No data","4.94","No data","No data","No data","No data","No data","No data","No data","No data","No data","No data","No data","No data","No data","No data","No data","No data","No data"
"EVE-20-01","779307","131.2","132.7","1.5","0","","ALS","EVE2001_Batch_004","HE20068262 - Finalized","22/03/2020","Core_HalfSawn","5.62","Aristeo.Nuñez","10/03/2020","0.8","No data","No data","No data","0.190","No data","No data","No data","No data","No data","No data","No data","No data","No data","No data","No data","No data","No data","No data","No data","No data","No data","No data","No data","No data","No data","No data","No data","No data","No data","No data","No data","No data","5.62","No data","No data","No data","No data","No data","No data","No data","No data","No data","No data","No data","No data","No data","No data","No data","No data","No data"
"EVE-20-01","779309","132.7","134.2","1.5","0","","ALS","EVE2001_Batch_004","HE20068262 - Finalized","22/03/2020","Core_HalfSawn","4.27","Aristeo.Nuñez","10/03/2020","0.25","No data","No data","No data","0.125","No data","No data","No data","No data","No data","No data","No data","No data","No data","No data","No data","No data","No data","No data","No data","No data","No data","No data","No data","No data","No data","No data","No data","No data","No data","No data","No data","No data","4.27","No data","No data","No data","No data","No data","No data","No data","No data","No data","No data","No data","No data","No data","No data","No data","No data","No data"
"EVE-20-01","779310","134.2","135.7","1.5","0","","ALS","EVE2001_Batch_004","HE20068262 - Finalized","22/03/2020","Core_HalfSawn","5.175","Aristeo.Nuñez","10/03/2020","0.25","No data","No data","No data","0.024","No data","No data","No data","No data","No data","No data","No data","No data","No data","No data","No data","No data","No data","No data","No data","No data","No data","No data","No data","No data","No data","No data","No data","No data","No data","No data","No data","No data","5.17","No data","No data","No data","No data","No data","No data","No data","No data","No data","No data","No data","No data","No data","No data","No data","No data","No data"
"EVE-20-01","779311","135.7","137.2","1.5","0","","ALS","EVE2001_Batch_004","HE20068262 - Finalized","22/03/2020","Core_HalfSawn","4.925","Aristeo.Nuñez","10/03/2020","0.25","No data","No data","No data","0.0025","No data","No data","No data","No data","No data","No data","No data","No data","No data","No data","No data","No data","No data","No data","No data","No data","No data","No data","No data","No data","No data","No data","No data","No data","No data","No data","No data","No data","4.92","No data","No data","No data","No data","No data","No data","No data","No data","No data","No data","No data","No data","No data","No data","No data","No data","No data"
"EVE-20-01","779312","137.2","138.7","1.5","0","","ALS","EVE2001_Batch_004","HE20068262 - Finalized","22/03/2020","Core_QuarterSawn","2.57","Aristeo.Nuñez","10/03/2020","0.25","No data","No data","No data","0.0025","No data","No data","No data","No data","No data","No data","No data","No data","No data","No data","No data","No data","No data","No data","No data","No data","No data","No data","No data","No data","No data","No data","No data","No data","No data","No data","No data","No data","2.57","No data","No data","No data","No data","No data","No data","No data","No data","No data","No data","No data","No data","No data","No data","No data","No data","No data"
"EVE-20-01","779314","138.7","140.2","1.5","0","","ALS","EVE2001_Batch_004","HE20068262 - Finalized","22/03/2020","Core_HalfSawn","5.655","Aristeo.Nuñez","10/03/2020","0.25","No data","No data","No data","0.042","No data","No data","No data","No data","No data","No data","No data","No data","No data","No data","No data","No data","No data","No data","No data","No data","No data","No data","No data","No data","No data","No data","No data","No data","No data","No data","No data","No data","5.65","No data","No data","No data","No data","No data","No data","No data","No data","No data","No data","No data","No data","No data","No data","No data","No data","No data"
"EVE-20-01","779315","140.2","141.7","1.5","0","","ALS","EVE2001_Batch_004","HE20068262 - Finalized","22/03/2020","Core_HalfSawn","5.78","Aristeo.Nuñez","10/03/2020","2.2","No data","No data","No data","0.410","No data","No data","No data","No data","No data","No data","No data","No data","No data","No data","No data","No data","No data","No data","No data","No data","No data","No data","No data","No data","No data","No data","No data","No data","No data","No data","No data","No data","5.79","No data","No data","No data","No data","No data","No data","No data","No data","No data","No data","No data","No data","No data","No data","No data","No data","No data"
"EVE-20-01","779316","141.7","143.2","1.5","0","","ALS","EVE2001_Batch_004","HE20068262 - Finalized","22/03/2020","Core_HalfSawn","6.15","Aristeo.Nuñez","10/03/2020","0.25","No data","No data","No data","0.023","No data","No data","No data","No data","No data","No data","No data","No data","No data","No data","No data","No data","No data","No data","No data","No data","No data","No data","No data","No data","No data","No data","No data","No data","No data","No data","No data","No data","6.15","No data","No data","No data","No data","No data","No data","No data","No data","No data","No data","No data","No data","No data","No data","No data","No data","No data"
"EVE-20-01","779317","143.2","144.7","1.5","0","","ALS","EVE2001_Batch_004","HE20068262 - Finalized","22/03/2020","Core_HalfSawn","5.25","Aristeo.Nuñez","10/03/2020","0.25","No data","No data","No data","0.020","No data","No data","No data","No data","No data","No data","No data","No data","No data","No data","No data","No data","No data","No data","No data","No data","No data","No data","No data","No data","No data","No data","No data","No data","No data","No data","No data","No data","5.25","No data","No data","No data","No data","No data","No data","No data","No data","No data","No data","No data","No data","No data","No data","No data","No data","No data"
"EVE-20-01","779318","144.7","146.2","1.5","0","","ALS","EVE2001_Batch_004","HE20068262 - Finalized","22/03/2020","Core_HalfSawn","5.865","Aristeo.Nuñez","10/03/2020","0.25","No data","No data","No data","0.094","No data","No data","No data","No data","No data","No data","No data","No data","No data","No data","No data","No data","No data","No data","No data","No data","No data","No data","No data","No data","No data","No data","No data","No data","No data","No data","No data","No data","5.86","No data","No data","No data","No data","No data","No data","No data","No data","No data","No data","No data","No data","No data","No data","No data","No data","No data"
"EVE-20-01","779320","146.2","147.7","1.5","0","","ALS","EVE2001_Batch_004","HE20068262 - Finalized","22/03/2020","Core_HalfSawn","5.865","Aristeo.Nuñez","10/03/2020","0.25","No data","No data","No data","0.0025","No data","No data","No data","No data","No data","No data","No data","No data","No data","No data","No data","No data","No data","No data","No data","No data","No data","No data","No data","No data","No data","No data","No data","No data","No data","No data","No data","No data","5.86","No data","No data","No data","No data","No data","No data","No data","No data","No data","No data","No data","No data","No data","No data","No data","No data","No data"
"EVE-20-01","779321","147.7","149.2","1.5","0","","ALS","EVE2001_Batch_004","HE20068262 - Finalized","22/03/2020","Core_HalfSawn","5.425","Aristeo.Nuñez","10/03/2020","0.9","No data","No data","No data","0.056","No data","No data","No data","No data","No data","No data","No data","No data","No data","No data","No data","No data","No data","No data","No data","No data","No data","No data","No data","No data","No data","No data","No data","No data","No data","No data","No data","No data","5.45","No data","No data","No data","No data","No data","No data","No data","No data","No data","No data","No data","No data","No data","No data","No data","No data","No data"
"EVE-20-01","779322","149.2","150.7","1.5","0","","ALS","EVE2001_Batch_004","HE20068262 - Finalized","22/03/2020","Core_HalfSawn","5.575","Aristeo.Nuñez","10/03/2020","0.6","No data","No data","No data","0.092","No data","No data","No data","No data","No data","No data","No data","No data","No data","No data","No data","No data","No data","No data","No data","No data","No data","No data","No data","No data","No data","No data","No data","No data","No data","No data","No data","No data","5.59","No data","No data","No data","No data","No data","No data","No data","No data","No data","No data","No data","No data","No data","No data","No data","No data","No data"
"EVE-20-01","779323","150.7","152.2","1.5","0","","ALS","EVE2001_Batch_004","HE20068262 - Finalized","22/03/2020","Core_HalfSawn","5.835","Aristeo.Nuñez","10/03/2020","0.5","No data","No data","No data","0.133","No data","No data","No data","No data","No data","No data","No data","No data","No data","No data","No data","No data","No data","No data","No data","No data","No data","No data","No data","No data","No data","No data","No data","No data","No data","No data","No data","No data","5.83","No data","No data","No data","No data","No data","No data","No data","No data","No data","No data","No data","No data","No data","No data","No data","No data","No data"
"EVE-20-01","779324","152.2","153.7","1.5","0","","ALS","EVE2001_Batch_004","HE20068262 - Finalized","22/03/2020","Core_HalfSawn","6.125","Aristeo.Nuñez","10/03/2020","0.5","No data","No data","No data","0.061","No data","No data","No data","No data","No data","No data","No data","No data","No data","No data","No data","No data","No data","No data","No data","No data","No data","No data","No data","No data","No data","No data","No data","No data","No data","No data","No data","No data","6.13","No data","No data","No data","No data","No data","No data","No data","No data","No data","No data","No data","No data","No data","No data","No data","No data","No data"
"EVE-20-01","779326","153.7","155.2","1.5","0","","ALS","EVE2001_Batch_004","HE20068262 - Finalized","22/03/2020","Core_HalfSawn","5.1","Aristeo.Nuñez","10/03/2020","0.25","No data","No data","No data","0.020","No data","No data","No data","No data","No data","No data","No data","No data","No data","No data","No data","No data","No data","No data","No data","No data","No data","No data","No data","No data","No data","No data","No data","No data","No data","No data","No data","No data","5.09","No data","No data","No data","No data","No data","No data","No data","No data","No data","No data","No data","No data","No data","No data","No data","No data","No data"